County_Name,State_Name,Confirmed,New,Death,Fatality_Rate,Latitude,Longitude,Last_Update
New York,New York,463,194,9,0.0194384,40.71455,-74.00714,2020-03-16 21:26 UTC
Westchester,New York,220,42,0,0.0,41.163197600000004,-73.7560629,2020-03-16 21:26 UTC
Nassau,New York,109,30,0,0.0,40.7416523,-73.58899620000001,2020-03-16 21:26 UTC
Suffolk,New York,74,33,4,0.054054099999999994,40.8773281,-72.85898040000001,2020-03-16 21:26 UTC
Rockland,New York,16,4,1,0.0625,41.152374,-74.0240103,2020-03-16 21:26 UTC
Albany,New York,15,4,0,0.0,42.65155,-73.75520999999999,2020-03-16 21:26 UTC
Monroe,New York,11,9,0,0.0,43.1460428,-77.69674909999999,2020-03-16 21:26 UTC
Orange,New York,11,5,0,0.0,41.4020682,-74.30559570000001,2020-03-16 21:26 UTC
Dutchess,New York,10,6,0,0.0,41.7647751,-73.7428168,2020-03-16 21:26 UTC
Ulster,New York,7,2,0,0.0,41.95986,-73.99033,2020-03-16 21:26 UTC
Erie,New York,7,4,0,0.0,42.7638212,-78.7322497,2020-03-16 21:26 UTC
Saratoga,New York,5,2,0,0.0,43.06974,-73.63661,2020-03-16 21:26 UTC
Schenectady,New York,4,3,0,0.0,42.81238,-73.94122,2020-03-16 21:26 UTC
Tompkins,New York,2,1,0,0.0,42.449335,-76.4706436,2020-03-16 21:26 UTC
Putnam,New York,2,2,0,0.0,41.426534499999995,-73.7494999,2020-03-16 21:26 UTC
Greene,New York,2,2,0,0.0,42.27654570000001,-74.12261590000001,2020-03-16 21:26 UTC
Allegany,New York,2,2,0,0.0,42.2573979,-78.02755440000001,2020-03-16 21:26 UTC
Delaware,New York,1,0,0,0.0,42.198043299999995,-74.966352,2020-03-16 21:26 UTC
Herkimer,New York,1,0,0,0.0,43.0259,-74.98433,2020-03-16 21:26 UTC
Broome,New York,1,0,0,0.0,42.160218,-75.8196459,2020-03-16 21:26 UTC
Tioga,New York,1,0,0,0.0,42.06057,-76.34519,2020-03-16 21:26 UTC
Montgomery,New York,1,1,0,0.0,42.90229179999999,-74.4396009,2020-03-16 21:26 UTC
Onondaga,New York,1,1,0,0.0,43.004870000000004,-76.1836,2020-03-16 21:26 UTC
Ontario,New York,1,1,0,0.0,42.852889399999995,-77.299811,2020-03-16 21:26 UTC
King,Washington,420,33,37,0.0880952,47.490118100000004,-121.8043324,2020-03-16 21:26 UTC
Snohomish,Washington,200,46,4,0.02,47.9124,-122.09306000000001,2020-03-16 21:26 UTC
Pierce,Washington,29,3,0,0.0,47.0227081,-122.1014408,2020-03-16 21:26 UTC
Island,Washington,6,0,0,0.0,48.1916094,-122.6650075,2020-03-16 21:26 UTC
Clark,Washington,4,1,0,0.0,45.781873299999994,-122.48127849999999,2020-03-16 21:26 UTC
Skagit,Washington,4,0,0,0.0,48.4793302,-121.72808020000001,2020-03-16 21:26 UTC
Yakima,Washington,4,0,0,0.0,46.60448,-120.50721000000001,2020-03-16 21:26 UTC
Grant,Washington,3,1,1,0.3333333,47.1988579,-119.4525987,2020-03-16 21:26 UTC
Jefferson,Washington,3,2,0,0.0,47.7481061,-123.6000095,2020-03-16 21:26 UTC
Kittitas,Washington,3,0,0,0.0,46.98472,-120.41752,2020-03-16 21:26 UTC
Kitsap,Washington,3,0,0,0.0,47.4749622,-122.6085325,2020-03-16 21:26 UTC
Whatcom,Washington,3,1,0,0.0,48.825596999999995,-121.7174182,2020-03-16 21:26 UTC
Thurston,Washington,3,0,0,0.0,46.9198058,-122.82986909999998,2020-03-16 21:26 UTC
Spokane,Washington,3,0,0,0.0,47.65726,-117.41228000000001,2020-03-16 21:26 UTC
Grays Harbor,Washington,1,0,0,0.0,47.1505523,-123.7737432,2020-03-16 21:26 UTC
Columbia,Washington,1,0,0,0.0,46.2975768,-117.90786340000001,2020-03-16 21:26 UTC
Lincoln,Washington,1,1,0,0.0,47.5730506,-118.4177041,2020-03-16 21:26 UTC
Cowlitz,Washington,1,1,0,0.0,46.1945405,-122.67832720000001,2020-03-16 21:26 UTC
Santa Clara,California,138,24,2,0.0144928,37.35579,-121.95508999999998,2020-03-16 21:26 UTC
Los Angeles,California,94,25,1,0.0106383,34.053490000000004,-118.24531999999999,2020-03-16 21:26 UTC
San Mateo,California,41,9,1,0.0243902,37.54704,-122.31485,2020-03-16 21:26 UTC
San Francisco,California,40,3,0,0.0,37.777120000000004,-122.41963999999999,2020-03-16 21:26 UTC
San Diego,California,35,19,0,0.0,32.71568,-117.16171000000001,2020-03-16 21:26 UTC
Sacramento,California,32,3,1,0.03125,38.579440000000005,-121.49085,2020-03-16 21:26 UTC
Contra Costa,California,29,0,0,0.0,37.9179373,-121.9259354,2020-03-16 21:26 UTC
Alameda,California,18,7,0,0.0,37.76683,-122.2453,2020-03-16 21:26 UTC
Orange,California,17,3,0,0.0,33.78787,-117.85071,2020-03-16 21:26 UTC
Riverside,California,15,1,0,0.0,33.98171,-117.37404,2020-03-16 21:26 UTC
Santa Cruz,California,9,2,0,0.0,36.97424,-122.03098,2020-03-16 21:26 UTC
Marin,California,9,4,0,0.0,38.07188729999999,-122.7195348,2020-03-16 21:26 UTC
San Joaquin,California,8,0,0,0.0,37.9347956,-121.2713112,2020-03-16 21:26 UTC
Solano,California,7,1,0,0.0,38.277933600000004,-121.9272405,2020-03-16 21:26 UTC
Sonoma,California,5,1,0,0.0,38.29188,-122.45728000000001,2020-03-16 21:26 UTC
Placer,California,5,0,1,0.2,39.059135600000005,-120.75363279999999,2020-03-16 21:26 UTC
Ventura,California,4,-1,0,0.0,34.28082,-119.29231999999999,2020-03-16 21:26 UTC
San Benito,California,3,0,0,0.0,36.50506,-121.08332,2020-03-16 21:26 UTC
Stanislaus,California,3,1,0,0.0,37.55932620000001,-120.9976619,2020-03-16 21:26 UTC
San Luis Obispo,California,3,2,0,0.0,35.285790000000006,-120.66275,2020-03-16 21:26 UTC
Yolo,California,2,0,0,0.0,38.73431,-121.81278999999999,2020-03-16 21:26 UTC
Fresno,California,2,1,0,0.0,36.740840000000006,-119.78551999999999,2020-03-16 21:26 UTC
Calaveras,California,2,0,0,0.0,38.2047357,-120.55406550000001,2020-03-16 21:26 UTC
Tulare,California,2,0,0,0.0,36.20649,-119.34305,2020-03-16 21:26 UTC
Imperial,California,2,0,0,0.0,32.84748,-115.56952,2020-03-16 21:26 UTC
Humboldt,California,1,0,0,0.0,40.698798,-123.87371470000001,2020-03-16 21:26 UTC
Madera,California,1,0,0,0.0,36.96205,-120.06398999999999,2020-03-16 21:26 UTC
Shasta,California,1,0,0,0.0,40.598279999999995,-122.49095,2020-03-16 21:26 UTC
San Bernardino,California,1,1,0,0.0,34.10524,-117.29411999999999,2020-03-16 21:26 UTC
Santa Barbara,California,1,1,0,0.0,34.41938,-119.69905,2020-03-16 21:26 UTC
Middlesex,Massachusetts,83,18,0,0.0,42.4855941,-71.3917913,2020-03-16 21:26 UTC
Suffolk,Massachusetts,36,9,0,0.0,42.331891600000006,-71.07537430000001,2020-03-16 21:26 UTC
Norfolk,Massachusetts,36,8,0,0.0,42.119409999999995,-71.33083,2020-03-16 21:26 UTC
Berkshire,Massachusetts,11,2,0,0.0,42.51105,-73.19426,2020-03-16 21:26 UTC
Essex,Massachusetts,8,3,0,0.0,42.632509999999996,-70.78113,2020-03-16 21:26 UTC
Worcester,Massachusetts,6,4,0,0.0,42.26341,-71.80219,2020-03-16 21:26 UTC
Plymouth,Massachusetts,3,3,0,0.0,41.92808,-70.6568,2020-03-16 21:26 UTC
Bristol,Massachusetts,2,1,0,0.0,41.7983696,-71.11428120000001,2020-03-16 21:26 UTC
Barnstable,Massachusetts,1,0,0,0.0,41.70194,-70.30442,2020-03-16 21:26 UTC
Hampden,Massachusetts,1,1,0,0.0,42.064613,-72.422,2020-03-16 21:26 UTC
Bergen,New Jersey,61,32,1,0.016393400000000002,40.9594915,-74.074442,2020-03-16 21:26 UTC
Essex,New Jersey,20,9,0,0.0,40.7877926,-74.2476006,2020-03-16 21:26 UTC
Hudson,New Jersey,19,8,0,0.0,40.740342299999995,-74.07410970000001,2020-03-16 21:26 UTC
Middlesex,New Jersey,17,6,0,0.0,40.57936,-74.50067,2020-03-16 21:26 UTC
Monmouth,New Jersey,14,2,1,0.07142860000000001,40.2600411,-74.2219463,2020-03-16 21:26 UTC
Passaic,New Jersey,8,3,0,0.0,40.86034,-74.12374,2020-03-16 21:26 UTC
Union,New Jersey,8,4,0,0.0,40.69635,-74.26957,2020-03-16 21:26 UTC
Morris,New Jersey,6,2,0,0.0,40.862019000000004,-74.5442741,2020-03-16 21:26 UTC
Mercer,New Jersey,6,5,0,0.0,40.2833191,-74.70157370000001,2020-03-16 21:26 UTC
Burlington,New Jersey,5,1,0,0.0,40.07687,-74.85775,2020-03-16 21:26 UTC
Somerset,New Jersey,5,4,0,0.0,40.49859,-74.52249,2020-03-16 21:26 UTC
Camden,New Jersey,3,1,0,0.0,39.94525,-75.11913,2020-03-16 21:26 UTC
Ocean,New Jersey,3,1,0,0.0,39.90927429999999,-74.2969653,2020-03-16 21:26 UTC
Hunterdon,New Jersey,1,0,0,0.0,40.5672532,-74.9121792,2020-03-16 21:26 UTC
Broward,Florida,36,0,0,0.0,26.152245399999998,-80.48705340000001,2020-03-16 21:26 UTC
Non-Florida-Resident,Florida,13,4,0,0.0,27.766278999999997,-81.68678299999999,2020-03-16 21:26 UTC
Miami-Dade,Florida,13,0,0,0.0,25.614182100000004,-80.5679083,2020-03-16 21:26 UTC
Outside-Florida,Florida,6,0,1,0.1666667,28.566044899999998,-81.6886488,2020-03-16 21:26 UTC
Lee,Florida,5,0,2,0.4,26.579651600000002,-81.8246853,2020-03-16 21:26 UTC
Volusia,Florida,5,0,0,0.0,29.169340000000002,-81.52251,2020-03-16 21:26 UTC
Collier,Florida,5,0,0,0.0,26.116255600000002,-81.3401333,2020-03-16 21:26 UTC
Palm Beach,Florida,5,0,0,0.0,26.70288,-80.03661,2020-03-16 21:26 UTC
Manatee,Florida,4,0,0,0.0,27.49643,-82.53954,2020-03-16 21:26 UTC
Hillsborough,Florida,4,0,0,0.0,27.930231,-82.3078553,2020-03-16 21:26 UTC
Duval,Florida,4,0,0,0.0,30.478440000000003,-81.62557,2020-03-16 21:26 UTC
Clay,Florida,3,0,0,0.0,29.983055199999995,-81.8577821,2020-03-16 21:26 UTC
Pinellas,Florida,2,0,0,0.0,27.9313392,-82.7219403,2020-03-16 21:26 UTC
Pasco,Florida,2,0,0,0.0,28.32453,-82.33624,2020-03-16 21:26 UTC
Orange,Florida,2,0,0,0.0,41.33141,-74.35667,2020-03-16 21:26 UTC
Santa Rosa,Florida,1,0,1,1.0,30.7314761,-87.01761390000001,2020-03-16 21:26 UTC
Charlotte,Florida,1,0,0,0.0,26.908483299999997,-81.9034392,2020-03-16 21:26 UTC
Okaloosa,Florida,1,0,0,0.0,30.7070235,-86.5965082,2020-03-16 21:26 UTC
Nassau,Florida,1,0,0,0.0,30.6107767,-81.80174,2020-03-16 21:26 UTC
Seminole,Florida,1,0,0,0.0,28.717001399999997,-81.2363226,2020-03-16 21:26 UTC
Alachua,Florida,1,0,0,0.0,29.793090000000003,-82.49428,2020-03-16 21:26 UTC
Osceola,Florida,1,0,0,0.0,28.068125800000004,-81.1451965,2020-03-16 21:26 UTC
Sarasota,Florida,1,0,0,0.0,27.338890000000003,-82.53886999999999,2020-03-16 21:26 UTC
Citrus,Florida,1,0,0,0.0,28.850778899999998,-82.46594870000001,2020-03-16 21:26 UTC
St. Johns,Florida,1,0,0,0.0,30.120509999999996,-81.62536,2020-03-16 21:26 UTC
Denver,Colorado,25,4,0,0.0,39.74001,-104.99202,2020-03-16 21:26 UTC
Eagle,Colorado,24,4,0,0.0,39.65565,-106.82788000000001,2020-03-16 21:26 UTC
Arapahoe,Colorado,15,2,0,0.0,39.6497672,-104.33920440000001,2020-03-16 21:26 UTC
Jefferson,Colorado,12,3,0,0.0,39.5864316,-105.25040220000001,2020-03-16 21:26 UTC
Pitkin,Colorado,11,0,0,0.0,39.217125200000005,-106.9167355,2020-03-16 21:26 UTC
Douglas,Colorado,8,4,0,0.0,39.3296664,-104.9295706,2020-03-16 21:26 UTC
Gunnison,Colorado,8,2,0,0.0,38.54526,-106.92692,2020-03-16 21:26 UTC
Boulder,Colorado,7,4,0,0.0,40.01574,-105.27923999999999,2020-03-16 21:26 UTC
Adams,Colorado,6,0,0,0.0,39.8737591,-104.3366349,2020-03-16 21:26 UTC
Weld,Colorado,5,0,0,0.0,40.5547727,-104.3924353,2020-03-16 21:26 UTC
El Paso,Colorado,4,1,1,0.25,38.8321269,-104.5255141,2020-03-16 21:26 UTC
Waiting on information,Colorado,2,2,0,0.0,38.914143700000004,-104.5001759,2020-03-16 21:26 UTC
Summit,Colorado,1,-1,0,0.0,39.6341694,-106.1163607,2020-03-16 21:26 UTC
Larimer,Colorado,1,0,0,0.0,40.666452500000005,-105.46093629999999,2020-03-16 21:26 UTC
Pueblo,Colorado,1,0,0,0.0,38.26375,-104.61251999999999,2020-03-16 21:26 UTC
Routt,Colorado,1,0,0,0.0,40.484997899999996,-106.9912189,2020-03-16 21:26 UTC
Mesa,Colorado,1,0,0,0.0,39.16616,-108.13888999999999,2020-03-16 21:26 UTC
Garfield,Colorado,1,1,0,0.0,39.5992265,-107.90400190000001,2020-03-16 21:26 UTC
Clear Creek,Colorado,1,1,0,0.0,39.6890531,-105.6443322,2020-03-16 21:26 UTC
Orleans,Louisiana,79,13,2,0.0253165,30.0384318,-89.9005515,2020-03-16 21:26 UTC
Jefferson,Louisiana,16,4,0,0.0,29.9596,-90.17182,2020-03-16 21:26 UTC
St. Tammany,Louisiana,5,3,0,0.0,30.39408,-89.89506999999999,2020-03-16 21:26 UTC
Caddo,Louisiana,3,2,0,0.0,32.75632,-93.97374,2020-03-16 21:26 UTC
St. Charles,Louisiana,3,1,0,0.0,29.905279800000002,-90.3824403,2020-03-16 21:26 UTC
Terrebonne,Louisiana,3,2,0,0.0,29.4300667,-90.8754618,2020-03-16 21:26 UTC
Lafourche,Louisiana,2,1,0,0.0,29.765290000000004,-90.76881,2020-03-16 21:26 UTC
Bossier,Louisiana,1,0,0,0.0,32.6788619,-93.6053107,2020-03-16 21:26 UTC
St. John the Baptist,Louisiana,1,0,0,0.0,30.078665,-90.5454132,2020-03-16 21:26 UTC
St. Bernard,Louisiana,1,1,0,0.0,29.86715,-89.85868,2020-03-16 21:26 UTC
Fulton,Georgia,27,7,0,0.0,33.7902407,-84.46710999999999,2020-03-16 21:26 UTC
Cobb,Georgia,22,3,1,0.0454545,33.9414802,-84.57663740000001,2020-03-16 21:26 UTC
DeKalb,Georgia,10,0,0,0.0,33.7715373,-84.22646529999999,2020-03-16 21:26 UTC
Bartow,Georgia,9,0,0,0.0,34.237644,-84.84072940000001,2020-03-16 21:26 UTC
Cherokee,Georgia,7,1,0,0.0,34.24398970000001,-84.4762441,2020-03-16 21:26 UTC
Dougherty,Georgia,6,0,0,0.0,31.5333249,-84.2162944,2020-03-16 21:26 UTC
Gwinnett,Georgia,5,1,0,0.0,33.961188799999995,-84.0235873,2020-03-16 21:26 UTC
Fayette,Georgia,5,0,0,0.0,33.413909100000005,-84.4942725,2020-03-16 21:26 UTC
Clayton,Georgia,5,3,0,0.0,33.541973,-84.3576995,2020-03-16 21:26 UTC
Floyd,Georgia,4,0,0,0.0,34.2632424,-85.2145276,2020-03-16 21:26 UTC
Lowndes,Georgia,3,1,0,0.0,30.8336283,-83.2676955,2020-03-16 21:26 UTC
Clarke,Georgia,3,1,0,0.0,33.95110570000001,-83.3674122,2020-03-16 21:26 UTC
Lee,Georgia,2,0,0,0.0,31.7795972,-84.1408802,2020-03-16 21:26 UTC
Gordon,Georgia,2,0,0,0.0,34.5031965,-84.8758788,2020-03-16 21:26 UTC
Coweta,Georgia,2,0,0,0.0,33.3536027,-84.76336690000001,2020-03-16 21:26 UTC
Henry,Georgia,2,1,0,0.0,33.4530163,-84.1542628,2020-03-16 21:26 UTC
Polk,Georgia,1,0,0,0.0,34.0016881,-85.18810970000001,2020-03-16 21:26 UTC
Charlton,Georgia,1,0,0,0.0,30.7817109,-82.1377648,2020-03-16 21:26 UTC
Newton,Georgia,1,0,0,0.0,33.5550066,-83.8502182,2020-03-16 21:26 UTC
Troup,Georgia,1,1,0,0.0,33.033518900000004,-85.0282617,2020-03-16 21:26 UTC
Hall,Georgia,1,1,0,0.0,34.3204115,-83.8104354,2020-03-16 21:26 UTC
Paulding,Georgia,1,1,0,0.0,33.920424600000004,-84.8672012,2020-03-16 21:26 UTC
Cook,Illinois,61,11,0,0.0,41.84014929999999,-87.8168232,2020-03-16 21:26 UTC
Kane,Illinois,4,1,0,0.0,41.9388756,-88.42863929999999,2020-03-16 21:26 UTC
Lake,Illinois,4,1,0,0.0,42.3232765,-88.0035345,2020-03-16 21:26 UTC
St. Clair,Illinois,4,2,0,0.0,38.469964700000006,-89.9274997,2020-03-16 21:26 UTC
McHenry,Illinois,2,0,0,0.0,42.326209999999996,-88.26731,2020-03-16 21:26 UTC
Sangamon,Illinois,2,0,0,0.0,39.75815789999999,-89.65888740000001,2020-03-16 21:26 UTC
DuPage,Illinois,1,0,0,0.0,41.851940500000005,-88.0856113,2020-03-16 21:26 UTC
Woodford,Illinois,1,0,0,0.0,40.84437,-89.02781,2020-03-16 21:26 UTC
Cumberland,Illinois,1,0,0,0.0,39.2733283,-88.2401682,2020-03-16 21:26 UTC
Champaign,Illinois,1,0,0,0.0,40.1142,-88.2435,2020-03-16 21:26 UTC
Dallas,Texas,19,5,0,0.0,32.778220000000005,-96.79512,2020-03-16 21:26 UTC
Harris,Texas,13,2,0,0.0,29.857628000000002,-95.39311140000001,2020-03-16 21:26 UTC
Fort Bend,Texas,9,0,0,0.0,29.527452500000003,-95.7706508,2020-03-16 21:26 UTC
Collin,Texas,8,0,0,0.0,33.1968,-96.80393000000001,2020-03-16 21:26 UTC
Travis,Texas,6,1,0,0.0,30.3346227,-97.7821898,2020-03-16 21:26 UTC
Tarrant,Texas,4,0,0,0.0,32.8173,-97.07655,2020-03-16 21:26 UTC
Montgomery,Texas,4,0,0,0.0,30.38862,-95.69633,2020-03-16 21:26 UTC
Smith,Texas,4,0,0,0.0,32.375056,-95.2691026,2020-03-16 21:26 UTC
Bexar,Texas,3,0,0,0.0,29.4489207,-98.52000770000001,2020-03-16 21:26 UTC
El Paso,Texas,2,0,0,0.0,31.759159999999998,-106.48749,2020-03-16 21:26 UTC
Bell,Texas,2,1,0,0.0,31.0376588,-97.4780738,2020-03-16 21:26 UTC
Brazoria,Texas,2,0,0,0.0,29.049709999999997,-95.562,2020-03-16 21:26 UTC
Gregg,Texas,1,0,0,0.0,32.480624600000006,-94.816991,2020-03-16 21:26 UTC
Lavaca,Texas,1,0,0,0.0,29.3843289,-96.9301097,2020-03-16 21:26 UTC
Galveston,Texas,1,0,0,0.0,29.29532,-94.80790999999999,2020-03-16 21:26 UTC
Hays,Texas,1,0,0,0.0,30.1227,-97.8722,2020-03-16 21:26 UTC
Matagorda,Texas,1,0,0,0.0,28.691229999999997,-95.96755,2020-03-16 21:26 UTC
Denton,Texas,1,1,0,0.0,33.216590000000004,-97.13162,2020-03-16 21:26 UTC
Montgomery,Pennsylvania,30,6,0,0.0,40.210894200000006,-75.36736379999999,2020-03-16 21:26 UTC
Monroe,Pennsylvania,8,2,0,0.0,41.0581159,-75.33939790000001,2020-03-16 21:26 UTC
Philadelphia,Pennsylvania,8,0,0,0.0,39.952220000000004,-75.16218,2020-03-16 21:26 UTC
Delaware,Pennsylvania,7,0,0,0.0,39.9167251,-75.39898559999999,2020-03-16 21:26 UTC
Allegheny,Pennsylvania,6,2,0,0.0,40.45082,-80.01615,2020-03-16 21:26 UTC
Bucks,Pennsylvania,5,1,0,0.0,40.336940399999996,-75.1067941,2020-03-16 21:26 UTC
Cumberland,Pennsylvania,5,0,0,0.0,40.1636766,-77.26538070000001,2020-03-16 21:26 UTC
Chester,Pennsylvania,2,0,0,0.0,39.9732037,-75.7484515,2020-03-16 21:26 UTC
Wayne,Pennsylvania,1,0,0,0.0,41.648788,-75.30324859999999,2020-03-16 21:26 UTC
Northampton,Pennsylvania,1,0,0,0.0,40.6836,-75.49108000000001,2020-03-16 21:26 UTC
Pike,Pennsylvania,1,0,0,0.0,41.332025,-75.0338235,2020-03-16 21:26 UTC
Washington,Pennsylvania,1,0,0,0.0,40.16752,-80.24648,2020-03-16 21:26 UTC
Lehigh,Pennsylvania,1,0,0,0.0,40.6126567,-75.5923206,2020-03-16 21:26 UTC
Luzerne,Pennsylvania,1,0,0,0.0,41.28669,-75.90272,2020-03-16 21:26 UTC
Hennepin,Minnesota,22,10,0,0.0,45.0057578,-93.4749321,2020-03-16 21:26 UTC
Ramsey,Minnesota,10,2,0,0.0,45.018122399999996,-93.09961679999999,2020-03-16 21:26 UTC
Dakota,Minnesota,5,2,0,0.0,44.6709807,-93.0666777,2020-03-16 21:26 UTC
Anoka,Minnesota,3,1,0,0.0,45.19833,-93.38996999999999,2020-03-16 21:26 UTC
Olmsted,Minnesota,3,1,0,0.0,44.0037994,-92.40181820000001,2020-03-16 21:26 UTC
Stearns,Minnesota,3,0,0,0.0,45.5520968,-94.61375670000001,2020-03-16 21:26 UTC
Washington,Minnesota,2,1,0,0.0,45.0411011,-92.8833786,2020-03-16 21:26 UTC
Carver,Minnesota,1,0,0,0.0,44.76325,-93.62524,2020-03-16 21:26 UTC
Wright,Minnesota,1,0,0,0.0,45.173442,-93.9635579,2020-03-16 21:26 UTC
Renville,Minnesota,1,0,0,0.0,44.78921,-95.21243,2020-03-16 21:26 UTC
Waseca,Minnesota,1,0,0,0.0,44.07804,-93.50742,2020-03-16 21:26 UTC
Oakland,Michigan,14,5,0,0.0,42.74214,-83.16174000000001,2020-03-16 21:26 UTC
Wayne,Michigan,13,5,0,0.0,42.28515,-83.3836,2020-03-16 21:26 UTC
Washtenaw,Michigan,7,3,0,0.0,42.2532294,-83.83877629999999,2020-03-16 21:26 UTC
Kent,Michigan,5,2,0,0.0,43.032162,-85.54929820000001,2020-03-16 21:26 UTC
Macomb,Michigan,5,3,0,0.0,42.69565,-82.92171,2020-03-16 21:26 UTC
St. Clair,Michigan,1,0,0,0.0,42.83189,-82.50220999999999,2020-03-16 21:26 UTC
Ingham,Michigan,1,0,0,0.0,42.5970924,-84.37353420000001,2020-03-16 21:26 UTC
Montcalm,Michigan,1,0,0,0.0,43.3109547,-85.1525018,2020-03-16 21:26 UTC
Bay,Michigan,1,0,0,0.0,43.7073289,-83.99203709999999,2020-03-16 21:26 UTC
Charlevoix,Michigan,1,0,0,0.0,45.31653,-85.26071999999999,2020-03-16 21:26 UTC
Monroe,Michigan,1,0,0,0.0,41.916059999999995,-83.3979,2020-03-16 21:26 UTC
Ottawa,Michigan,1,1,0,0.0,42.9607123,-85.9951657,2020-03-16 21:26 UTC
Clair,Michigan,1,1,0,0.0,42.3127849,-85.1615913,2020-03-16 21:26 UTC
Davidson,Tennessee,25,8,0,0.0,36.16956079999999,-86.7847568,2020-03-16 21:26 UTC
Williamson,Tennessee,18,4,0,0.0,35.893826700000005,-86.8986396,2020-03-16 21:26 UTC
Shelby,Tennessee,2,0,0,0.0,35.1269,-89.9253,2020-03-16 21:26 UTC
Sullivan,Tennessee,1,0,0,0.0,36.5128018,-82.30449499999999,2020-03-16 21:26 UTC
Knox,Tennessee,1,0,0,0.0,35.9956069,-83.934652,2020-03-16 21:26 UTC
Hamilton,Tennessee,1,0,0,0.0,35.179320399999995,-85.16684140000001,2020-03-16 21:26 UTC
Jefferson,Tennessee,1,0,0,0.0,36.0571754,-83.45179449999999,2020-03-16 21:26 UTC
Rutherford,Tennessee,1,0,0,0.0,35.842743299999995,-86.4167525,2020-03-16 21:26 UTC
Campbell,Tennessee,1,0,0,0.0,36.403456299999995,-84.1493609,2020-03-16 21:26 UTC
Cuyahoga,Ohio,24,10,0,0.0,41.4244148,-81.6585817,2020-03-16 21:26 UTC
Butler,Ohio,6,0,0,0.0,39.438638399999995,-84.5761677,2020-03-16 21:26 UTC
Stark,Ohio,3,0,0,0.0,40.8139096,-81.3656565,2020-03-16 21:26 UTC
Franklin,Ohio,3,0,0,0.0,39.9694713,-83.0093307,2020-03-16 21:26 UTC
Lorain,Ohio,3,1,0,0.0,41.4682,-82.17815,2020-03-16 21:26 UTC
Trumbull,Ohio,2,0,0,0.0,41.3170671,-80.7611827,2020-03-16 21:26 UTC
Belmont,Ohio,2,0,0,0.0,40.02955,-81.03891,2020-03-16 21:26 UTC
Summit,Ohio,2,0,0,0.0,41.1259157,-81.53218829999999,2020-03-16 21:26 UTC
Medina,Ohio,2,1,0,0.0,41.14042,-81.86402,2020-03-16 21:26 UTC
Lucas,Ohio,1,0,0,0.0,41.6198584,-83.6597766,2020-03-16 21:26 UTC
Tuscarawas,Ohio,1,0,0,0.0,40.39758,-81.40727,2020-03-16 21:26 UTC
Geauga,Ohio,1,1,0,0.0,41.4995451,-81.1785838,2020-03-16 21:26 UTC
Fairfax,Virginia,10,0,0,0.0,38.84179,-77.30887,2020-03-16 21:26 UTC
Arlington,Virginia,9,1,0,0.0,38.8905,-77.08629,2020-03-16 21:26 UTC
James City,Virginia,8,0,1,0.125,37.3132739,-76.7733526,2020-03-16 21:26 UTC
Loudoun,Virginia,5,0,0,0.0,39.0906991,-77.63564790000001,2020-03-16 21:26 UTC
Virginia Beach City,Virginia,4,0,0,0.0,36.748178700000004,-76.0574891,2020-03-16 21:26 UTC
Prince William,Virginia,3,0,0,0.0,38.7024474,-77.4800235,2020-03-16 21:26 UTC
Alexandria City,Virginia,2,0,0,0.0,38.8183862,-77.0862296,2020-03-16 21:26 UTC
Chesterfield,Virginia,2,1,0,0.0,37.377559999999995,-77.50816999999999,2020-03-16 21:26 UTC
Spotsylvania,Virginia,1,0,0,0.0,38.20174,-77.58855,2020-03-16 21:26 UTC
Hanover,Virginia,1,0,0,0.0,37.768809999999995,-77.37109,2020-03-16 21:26 UTC
Prince Edward,Virginia,1,0,0,0.0,37.2242974,-78.44105649999999,2020-03-16 21:26 UTC
Harrisonburg,Virginia,1,0,0,0.0,38.45163,-78.8697,2020-03-16 21:26 UTC
Charlottesville City,Virginia,1,1,0,0.0,38.037313299999994,-78.48702109999999,2020-03-16 21:26 UTC
Milwaukee,Wisconsin,13,7,0,0.0,43.042,-87.90687,2020-03-16 21:26 UTC
Fond du Lac,Wisconsin,11,0,0,0.0,43.77302,-88.44709,2020-03-16 21:26 UTC
Dane,Wisconsin,10,4,0,0.0,43.2509,-89.51829000000001,2020-03-16 21:26 UTC
Waukesha,Wisconsin,3,0,0,0.0,43.01458,-88.23548000000001,2020-03-16 21:26 UTC
Sheboygan,Wisconsin,3,0,0,0.0,43.74978,-87.71343,2020-03-16 21:26 UTC
Winnebago,Wisconsin,3,2,0,0.0,44.07516,-88.52521999999999,2020-03-16 21:26 UTC
Pierce,Wisconsin,1,0,0,0.0,44.72273320000001,-92.42192320000001,2020-03-16 21:26 UTC
Racine,Wisconsin,1,0,0,0.0,42.725640000000006,-87.78955,2020-03-16 21:26 UTC
Wood,Wisconsin,1,1,0,0.0,44.475229999999996,-90.16062,2020-03-16 21:26 UTC
Clark,Nevada,35,19,2,0.057142899999999996,36.217099700000006,-115.0246913,2020-03-16 21:26 UTC
Washoe,Nevada,9,2,0,0.0,40.6869602,-119.66599099999999,2020-03-16 21:26 UTC
Ormsby,Nevada,1,0,0,0.0,36.1554795,-115.1639033,2020-03-16 21:26 UTC
Montgomery,Maryland,15,3,0,0.0,39.1363682,-77.2040317,2020-03-16 21:26 UTC
Prince George's,Maryland,10,1,0,0.0,38.828386200000004,-76.8458707,2020-03-16 21:26 UTC
Baltimore,Maryland,4,1,0,0.0,39.29058,-76.60925999999999,2020-03-16 21:26 UTC
Howard,Maryland,4,3,0,0.0,39.2511278,-76.9312584,2020-03-16 21:26 UTC
Harford,Maryland,2,0,0,0.0,39.5544404,-76.31583959999999,2020-03-16 21:26 UTC
Charles,Maryland,1,0,0,0.0,38.4741042,-77.0128671,2020-03-16 21:26 UTC
Anne Arundel,Maryland,1,-1,0,0.0,39.008897,-76.60328630000001,2020-03-16 21:26 UTC
Carroll,Maryland,1,0,0,0.0,39.5629588,-77.0224657,2020-03-16 21:26 UTC
Baltimore City,Maryland,1,0,0,0.0,39.301941299999996,-76.61111170000001,2020-03-16 21:26 UTC
Talbot,Maryland,1,1,0,0.0,38.7592645,-76.1136695,2020-03-16 21:26 UTC
Washington,Oregon,13,0,0,0.0,45.5600596,-123.098408,2020-03-16 21:26 UTC
Linn,Oregon,10,1,0,0.0,44.4887414,-122.5343983,2020-03-16 21:26 UTC
Deschutes,Oregon,4,1,0,0.0,44.159240000000004,-121.25967,2020-03-16 21:26 UTC
Jackson,Oregon,2,0,0,0.0,42.4321189,-122.72848619999999,2020-03-16 21:26 UTC
Umatilla,Oregon,2,0,0,0.0,45.91768,-119.34203000000001,2020-03-16 21:26 UTC
Marion,Oregon,2,0,0,0.0,44.75045,-122.94051999999999,2020-03-16 21:26 UTC
Klamath,Oregon,1,0,0,0.0,42.6921914,-121.64335179999999,2020-03-16 21:26 UTC
Douglas,Oregon,1,0,0,0.0,43.279771000000004,-123.16648719999999,2020-03-16 21:26 UTC
Multnomah,Oregon,1,0,1,1.0,45.46975,-122.70562,2020-03-16 21:26 UTC
Polk,Oregon,1,0,0,0.0,44.9037345,-123.4127777,2020-03-16 21:26 UTC
Clackamas,Oregon,1,0,0,0.0,45.41211,-122.56908999999999,2020-03-16 21:26 UTC
Yamhill,Oregon,1,1,0,0.0,45.34037,-123.18786999999999,2020-03-16 21:26 UTC
Salt Lake,Utah,16,2,0,0.0,40.76031,-111.88821999999999,2020-03-16 21:26 UTC
Non-Utah resident,Utah,10,3,0,0.0,39.323725200000005,-111.67824840000002,2020-03-16 21:26 UTC
Davis,Utah,4,1,0,0.0,40.9997362,-111.9800051,2020-03-16 21:26 UTC
Summit,Utah,4,2,0,0.0,40.8680986,-110.95584640000001,2020-03-16 21:26 UTC
Weber-Morgan,Utah,2,1,0,0.0,41.2245943,-111.9703114,2020-03-16 21:26 UTC
Southwest Utah,Utah,1,0,0,0.0,37.003577299999996,-112.9680908,2020-03-16 21:26 UTC
Wake,North Carolina,14,0,0,0.0,35.7901085,-78.65039759999999,2020-03-16 21:26 UTC
Mecklenburg,North Carolina,7,3,0,0.0,35.2414779,-80.83080550000001,2020-03-16 21:26 UTC
Harnett,North Carolina,3,1,0,0.0,35.34117,-78.78837,2020-03-16 21:26 UTC
Forsyth,North Carolina,2,0,0,0.0,36.130537,-80.2563022,2020-03-16 21:26 UTC
Johnston,North Carolina,2,0,0,0.0,35.5176559,-78.3657386,2020-03-16 21:26 UTC
Chatham,North Carolina,1,0,0,0.0,35.7026299,-79.2554158,2020-03-16 21:26 UTC
Durham,North Carolina,1,0,0,0.0,35.99542,-78.89644,2020-03-16 21:26 UTC
Cabarrus,North Carolina,1,0,0,0.0,35.2372,-80.5423,2020-03-16 21:26 UTC
Onslow,North Carolina,1,0,0,0.0,34.7334689,-77.4296641,2020-03-16 21:26 UTC
Wayne,North Carolina,1,0,0,0.0,35.3637623,-78.0041603,2020-03-16 21:26 UTC
Brunswick,North Carolina,1,0,0,0.0,34.0705938,-78.2374968,2020-03-16 21:26 UTC
Craven,North Carolina,1,0,0,0.0,35.11728660000001,-77.0824703,2020-03-16 21:26 UTC
Watauga,North Carolina,1,0,0,0.0,36.2310136,-81.6964558,2020-03-16 21:26 UTC
Wilson,North Carolina,1,0,0,0.0,35.721959999999996,-77.91637,2020-03-16 21:26 UTC
Fairfield,Connecticut,20,5,0,0.0,41.16633,-73.22876,2020-03-16 21:26 UTC
New Haven,Connecticut,4,0,0,0.0,41.308009999999996,-72.92432,2020-03-16 21:26 UTC
Litchfield,Connecticut,3,0,0,0.0,41.74626,-73.18895,2020-03-16 21:26 UTC
Hartford,Connecticut,3,1,0,0.0,41.76375,-72.67394,2020-03-16 21:26 UTC
Kershaw,South Carolina,14,3,0,0.0,34.338922100000005,-80.590296,2020-03-16 21:26 UTC
Beaufort,South Carolina,3,0,0,0.0,32.43119,-80.66993000000001,2020-03-16 21:26 UTC
Horry,South Carolina,3,2,0,0.0,33.93188,-79.1347,2020-03-16 21:26 UTC
Lancaster,South Carolina,2,0,0,0.0,34.72096,-80.77112,2020-03-16 21:26 UTC
Anderson,South Carolina,2,2,0,0.0,34.500609999999995,-82.64962,2020-03-16 21:26 UTC
Charleston,South Carolina,1,0,0,0.0,32.78115,-79.9316,2020-03-16 21:26 UTC
Spartanburg,South Carolina,1,0,0,0.0,34.94838,-81.93494,2020-03-16 21:26 UTC
Lexington,South Carolina,1,0,2,1.0,33.98105,-81.23595,2020-03-16 21:26 UTC
Greenville,South Carolina,1,1,0,0.0,34.84827,-82.40011,2020-03-16 21:26 UTC
Jefferson,Alabama,17,11,0,0.0,33.554273699999996,-86.8964891,2020-03-16 21:26 UTC
Tuscaloosa,Alabama,3,1,0,0.0,33.21042,-87.56625,2020-03-16 21:26 UTC
Shelby,Alabama,3,3,0,0.0,33.113,-86.58361,2020-03-16 21:26 UTC
Montgomery,Alabama,1,0,0,0.0,32.38015,-86.30008000000001,2020-03-16 21:26 UTC
Elmore,Alabama,1,0,0,0.0,32.54165,-86.31093,2020-03-16 21:26 UTC
Limestone,Alabama,1,0,0,0.0,34.814892,-86.97728459999999,2020-03-16 21:26 UTC
Baldwin,Alabama,1,0,0,0.0,30.7358912,-87.72352509999999,2020-03-16 21:26 UTC
Lee,Alabama,1,1,0,0.0,32.601035100000004,-85.3554861,2020-03-16 21:26 UTC
Marion,Indiana,7,1,2,0.2857143,39.7817436,-86.13841490000001,2020-03-16 21:26 UTC
Hendricks,Indiana,3,1,0,0.0,39.8065,-86.5401,2020-03-16 21:26 UTC
Johnson,Indiana,3,0,0,0.0,39.48998220000001,-86.1016083,2020-03-16 21:26 UTC
Howard,Indiana,2,1,0,0.0,40.4835961,-86.1168603,2020-03-16 21:26 UTC
Noble,Indiana,1,0,0,0.0,41.3985825,-85.41743879999999,2020-03-16 21:26 UTC
Adams,Indiana,1,0,0,0.0,40.745650700000006,-84.9366342,2020-03-16 21:26 UTC
Boone,Indiana,1,0,0,0.0,40.0507449,-86.4686988,2020-03-16 21:26 UTC
St. Joseph,Indiana,1,0,0,0.0,41.6167201,-86.2899112,2020-03-16 21:26 UTC
Hancock,Indiana,1,0,0,0.0,39.8235322,-85.7732226,2020-03-16 21:26 UTC
Wells,Indiana,1,0,0,0.0,40.729194899999996,-85.221216,2020-03-16 21:26 UTC
LaPorte,Indiana,1,0,0,0.0,41.6106,-86.72251999999999,2020-03-16 21:26 UTC
Hamilton,Indiana,1,0,0,0.0,40.0725137,-86.052018,2020-03-16 21:26 UTC
Floyd,Indiana,1,1,0,0.0,38.318983100000004,-85.9069298,2020-03-16 21:26 UTC
Bartholomew,Indiana,1,1,0,0.0,39.2059499,-85.8975923,2020-03-16 21:26 UTC
Johnson,Iowa,15,1,0,0.0,41.67149570000001,-91.5880542,2020-03-16 21:26 UTC
Allamakee,Iowa,2,2,0,0.0,43.285318200000006,-91.3847131,2020-03-16 21:26 UTC
Pottawattamie,Iowa,1,0,0,0.0,41.3366584,-95.5414196,2020-03-16 21:26 UTC
Carroll,Iowa,1,0,0,0.0,42.06585,-94.86793,2020-03-16 21:26 UTC
Harrison,Iowa,1,0,0,0.0,41.683014,-95.815524,2020-03-16 21:26 UTC
Dallas,Iowa,1,0,0,0.0,41.68481679999999,-94.039762,2020-03-16 21:26 UTC
Polk,Iowa,1,1,0,0.0,41.6854116,-93.5734424,2020-03-16 21:26 UTC
Jefferson,Arkansas,3,0,0,0.0,34.37911,-92.16608000000001,2020-03-16 21:26 UTC
Providence,Rhode Island,21,1,0,0.0,41.82387,-71.41199,2020-03-16 21:26 UTC
Harrison,Kentucky,6,0,0,0.0,38.4417404,-84.3314045,2020-03-16 21:26 UTC
Jefferson,Kentucky,6,2,0,0.0,38.1858902,-85.6549948,2020-03-16 21:26 UTC
Fayette,Kentucky,5,0,0,0.0,38.0422722,-84.45868670000002,2020-03-16 21:26 UTC
Montgomery,Kentucky,1,-1,0,0.0,38.0334716,-83.91302990000001,2020-03-16 21:26 UTC
Nelson,Kentucky,1,0,0,0.0,37.8050764,-85.46597159999999,2020-03-16 21:26 UTC
Clark,Kentucky,1,1,0,0.0,37.9708229,-84.1473359,2020-03-16 21:26 UTC
Bourbon,Kentucky,1,1,2,1.0,38.2066795,-84.2171359,2020-03-16 21:26 UTC
Maricopa,Arizona,8,4,0,0.0,33.348824699999994,-112.49127879999999,2020-03-16 21:26 UTC
Pinal,Arizona,5,0,0,0.0,32.9043197,-111.34476470000001,2020-03-16 21:26 UTC
Pima,Arizona,4,1,0,0.0,32.0972712,-111.78976709999999,2020-03-16 21:26 UTC
Graham,Arizona,1,0,0,0.0,32.87449,-109.74198,2020-03-16 21:26 UTC
Douglas,Nebraska,16,1,0,0.0,41.295351600000004,-96.15533409999999,2020-03-16 21:26 UTC
Knox,Nebraska,1,0,0,0.0,42.631654600000005,-97.89463640000001,2020-03-16 21:26 UTC
Cass,Nebraska,1,0,0,0.0,40.909757899999995,-96.14136090000001,2020-03-16 21:26 UTC
Rockingham,New Hampshire,10,6,0,0.0,43.04954,-70.93216,2020-03-16 21:26 UTC
Grafton,New Hampshire,5,2,0,0.0,43.56212,-71.95114000000001,2020-03-16 21:26 UTC
Hillsborough,New Hampshire,1,1,0,0.0,43.1443,-71.93271999999999,2020-03-16 21:26 UTC
Washington,District of Columbia,17,1,0,0.0,38.890370000000004,-77.03196,2020-03-16 21:26 UTC
Bernalillo,New Mexico,10,4,0,0.0,35.0512846,-106.6703125,2020-03-16 21:26 UTC
Santa Fe,New Mexico,3,0,0,0.0,35.69168,-105.93796,2020-03-16 21:26 UTC
Socorro,New Mexico,2,0,0,0.0,34.060140000000004,-106.89187,2020-03-16 21:26 UTC
Sandoval,New Mexico,2,0,0,0.0,35.6887887,-106.8666133,2020-03-16 21:26 UTC
Cumberland,Maine,13,12,0,0.0,43.790279999999996,-70.24611999999999,2020-03-16 21:26 UTC
Lincoln,Maine,2,2,0,0.0,44.07018529999999,-69.543871,2020-03-16 21:26 UTC
Androscoggin,Maine,1,0,0,0.0,44.1658761,-70.20645859999999,2020-03-16 21:26 UTC
Konx,Maine,1,1,0,0.0,44.1515895,-69.17885,2020-03-16 21:26 UTC
Chittenden,Vermont,4,2,0,0.0,44.4579951,-73.0540497,2020-03-16 21:26 UTC
Bennington,Vermont,3,1,0,0.0,42.87672,-73.19818000000001,2020-03-16 21:26 UTC
Windsor,Vermont,3,0,0,0.0,43.48115,-72.38580999999999,2020-03-16 21:26 UTC
Washington,Vermont,1,0,0,0.0,44.2734456,-72.61485920000001,2020-03-16 21:26 UTC
Forrest,Mississippi,3,0,0,0.0,31.1888395,-89.2578348,2020-03-16 21:26 UTC
Pearl River,Mississippi,3,2,0,0.0,30.768543400000002,-89.5897574,2020-03-16 21:26 UTC
Copiah,Mississippi,2,1,0,0.0,31.869320399999996,-90.4488597,2020-03-16 21:26 UTC
Hinds,Mississippi,2,2,0,0.0,32.2667675,-90.4426253,2020-03-16 21:26 UTC
Leflore,Mississippi,1,0,0,0.0,33.550528,-90.30106540000001,2020-03-16 21:26 UTC
Monroe,Mississippi,1,1,0,0.0,33.8922661,-88.4805139,2020-03-16 21:26 UTC
Johnson,Kansas,8,3,0,0.0,38.8837729,-94.82222519999999,2020-03-16 21:26 UTC
Wyandotte,Kansas,1,0,1,1.0,39.1140701,-94.7652427,2020-03-16 21:26 UTC
Butler,Kansas,1,0,0,0.0,37.7812809,-96.83903079999999,2020-03-16 21:26 UTC
Franklin,Kansas,1,0,0,0.0,38.5645175,-95.28594050000001,2020-03-16 21:26 UTC
Tulsa,Oklahoma,3,0,0,0.0,36.15011,-95.99351999999999,2020-03-16 21:26 UTC
Cleveland,Oklahoma,2,1,0,0.0,35.2030938,-97.3263907,2020-03-16 21:26 UTC
Jackson,Oklahoma,1,0,0,0.0,34.586625399999996,-99.4160473,2020-03-16 21:26 UTC
Oklahoma,Oklahoma,1,0,0,0.0,35.582684,-97.50859940000001,2020-03-16 21:26 UTC
Payne,Oklahoma,1,0,0,0.0,36.0773271,-96.9757817,2020-03-16 21:26 UTC
Kay,Oklahoma,1,1,0,0.0,36.8180061,-97.14387070000001,2020-03-16 21:26 UTC
Canadian,Oklahoma,1,1,0,0.0,35.5425812,-97.98256479999999,2020-03-16 21:26 UTC
Minnehaha,South Dakota,4,1,0,0.0,43.6741776,-96.7914246,2020-03-16 21:26 UTC
Pennington,South Dakota,1,0,1,1.0,44.003745,-102.82390079999999,2020-03-16 21:26 UTC
Beadle,South Dakota,1,0,0,0.0,44.4144846,-98.2781099,2020-03-16 21:26 UTC
Charles Mix,South Dakota,1,0,0,0.0,43.207474600000005,-98.5766704,2020-03-16 21:26 UTC
Davidson,South Dakota,1,0,0,0.0,44.353483600000004,-103.7815574,2020-03-16 21:26 UTC
Bon Homme,South Dakota,1,0,0,0.0,42.9933604,-97.8866697,2020-03-16 21:26 UTC
McCook,South Dakota,1,0,0,0.0,43.6743065,-97.36842159999999,2020-03-16 21:26 UTC
New Castle,Delaware,8,1,0,0.0,39.65977,-75.56394,2020-03-16 21:26 UTC
Honolulu,Hawaii,4,1,0,0.0,21.30493,-157.85788,2020-03-16 21:26 UTC
Kauai,Hawaii,2,0,0,0.0,22.0825024,-159.7275965,2020-03-16 21:26 UTC
Maui,Hawaii,1,0,0,0.0,20.859535100000002,-156.5646068,2020-03-16 21:26 UTC
Missoula,Montana,2,0,0,0.0,46.87278,-113.99625,2020-03-16 21:26 UTC
Gallatin,Montana,1,0,0,0.0,45.5404518,-111.17041090000002,2020-03-16 21:26 UTC
Yellowstone,Montana,1,0,0,0.0,45.93711629999999,-108.2743481,2020-03-16 21:26 UTC
Silver Bow,Montana,1,0,0,0.0,45.99544,-112.65661000000001,2020-03-16 21:26 UTC
Lewis and Clark,Montana,1,0,0,0.0,47.124815000000005,-112.3941446,2020-03-16 21:26 UTC
Greene,Missouri,3,1,0,0.0,37.2580403,-93.34201850000001,2020-03-16 21:26 UTC
St. Louis,Missouri,2,0,0,0.0,38.62775,-90.19955999999999,2020-03-16 21:26 UTC
Henry,Missouri,1,0,0,0.0,38.3884215,-93.79668050000001,2020-03-16 21:26 UTC
Ada,Idaho,2,0,0,0.0,43.4510569,-116.2411338,2020-03-16 21:26 UTC
Blaine,Idaho,1,0,0,0.0,43.4123346,-113.9798058,2020-03-16 21:26 UTC
Teton,Idaho,1,0,0,0.0,43.75945170000001,-111.2076444,2020-03-16 21:26 UTC
Unknown,Idaho,1,0,0,0.0,47.57604,-115.92905,2020-03-16 21:26 UTC
Puerto Rico,Puerto Rico,5,0,0,0.0,18.2226065,-66.4689534,2020-03-16 21:26 UTC
Sheridan,Wyoming,1,0,0,0.0,44.79792,-106.95586999999999,2020-03-16 21:26 UTC
Fremont,Wyoming,1,0,0,0.0,43.0405186,-108.63049740000001,2020-03-16 21:26 UTC
Ward,North Dakota,1,0,0,0.0,48.2216809,-101.5418179,2020-03-16 21:26 UTC
Anchorage,Alaska,1,0,0,0.0,61.217530000000004,-149.85825,2020-03-16 21:26 UTC
Unassigned,Washington,102,63,0,0.0,47.400902,-121.490494,2020-03-16 21:26 UTC
Unassigned,New Jersey,2,2,0,0.0,40.298904,-74.521011,2020-03-16 21:26 UTC
Unassigned,Florida,36,36,1,0.027777800000000002,27.766278999999997,-81.68678299999999,2020-03-16 21:26 UTC
Unassigned,Colorado,1,-1,0,0.0,39.059810999999996,-105.311104,2020-03-16 21:26 UTC
Unassigned,Louisiana,18,14,0,0.0,31.169546,-91.867805,2020-03-16 21:26 UTC
Unassigned,Illinois,24,24,0,0.0,40.349457,-88.986137,2020-03-16 21:26 UTC
Unassigned,Michigan,1,0,0,0.0,43.326617999999996,-84.53609499999999,2020-03-16 21:26 UTC
Unassigned,Virginia,1,1,0,0.0,37.769337,-78.16996800000001,2020-03-16 21:26 UTC
Unassigned,Arkansas,10,1,0,0.0,34.969704,-92.37312299999999,2020-03-16 21:26 UTC
Unassigned,Montana,1,0,0,0.0,46.921925,-110.454353,2020-03-16 21:26 UTC
Unassigned,Guam,3,0,0,0.0,13.421129,144.73972,2020-03-16 21:26 UTC
Unassigned,US Virgin Islands,1,0,0,0.0,17.752625,-64.73541999999999,2020-03-16 21:26 UTC
Unknown,Massachusetts,10,10,0,0.0,42.230171,-71.530106,2020-03-16 21:26 UTC
Forsyth,Georgia,1,1,0,0.0,34.2249323,-84.1334992,2020-03-16 21:26 UTC
Will,Illinois,1,1,0,0.0,41.4450565,-87.9786523,2020-03-16 21:26 UTC
Hay,Texas,1,1,0,0.0,33.5909615,-97.1322127,2020-03-16 21:26 UTC
Bowie,Texas,1,1,0,0.0,33.559,-97.8486,2020-03-16 21:26 UTC
Blue earth,Minnesota,1,1,0,0.0,43.9505,-93.9878,2020-03-16 21:26 UTC
Benton,Minnesota,1,1,0,0.0,45.7211,-93.9733,2020-03-16 21:26 UTC
Sevier,Tennessee,1,1,0,0.0,35.7840684,-83.5242224,2020-03-16 21:26 UTC
Outagamie,Wisconsin,1,1,0,0.0,44.4161518,-88.4649782,2020-03-16 21:26 UTC
Frederick,Maryland,1,1,0,0.0,39.41574,-77.41203,2020-03-16 21:26 UTC
Tooele,Utah,1,1,0,0.0,40.534079999999996,-112.29848999999999,2020-03-16 21:26 UTC
Wasatch,Utah,1,1,0,0.0,40.3304771,-111.1683986,2020-03-16 21:26 UTC
Carroll,New Hampshire,1,1,0,0.0,43.8128,-71.2506,2020-03-16 21:26 UTC
Orange,Vermont,1,1,0,0.0,44.148540000000004,-72.40233,2020-03-16 21:26 UTC
